Workbook

Sheet QA Dashboard
A1: QA Test Execution Dashboard
A2: Project / Release: | C2: Agent Onboarding & Recruitment Support - UAT Sept 2026 (Automation) | H2: Report date: | J2: =TODAY() -> 46296
A4: TOTAL TEST CASES | D4: EXECUTION % | G4: PASS % | J4: HIGH / CRITICAL RISK
A5: =COUNTIF('Test Cases'!$A$2:$A$501,"<>") -> 6 | D5: =IF(A5=0,0,(A9+D9+G9)/A5) -> 0.66666667 | G5: =IF((A9+D9+G9)=0,0,A9/(A9+D9+G9)) -> 1 | J5: =COUNTIF('Test Cases'!$N$2:$N$501,"High")+COUNTIF('Test Cases'!$N$2:$N$501,"Critical") -> 0
A6: Test cases in repository | D6: =(A9+D9+G9)&" of "&A5&" test cases executed" -> 4 of 6 test cases executed | G6: Of executed test cases | J6: Risk level High or Critical (P1 / P2)
A8: PASSED | D8: FAILED | G8: BLOCKED | J8: AUTOMATION CANDIDATES
A9: =COUNTIF('Test Cases'!$I$2:$I$501,"Pass") -> 4 | D9: =COUNTIF('Test Cases'!$I$2:$I$501,"Fail") -> 0 | G9: =COUNTIF('Test Cases'!$I$2:$I$501,"Blocked") -> 0 | J9: =COUNTIF('Test Cases'!$Q$2:$Q$501,"Yes") -> 3
A10: =IF($A$5=0,"",TEXT(A9/$A$5,"0%")&" of all test cases") -> 67% of all test cases | D10: =IF($A$5=0,"",TEXT(D9/$A$5,"0%")&" of all test cases") -> 0% of all test cases | G10: =IF($A$5=0,"",TEXT(G9/$A$5,"0%")&" of all test cases") -> 0% of all test cases | J10: =IF($A$5=0,"",TEXT(J9/$A$5,"0%")&" of all test cases") -> 50% of all test cases
A12: Risk Distribution | D12: Test Status | G12: Execution by Tester
A13: Risk Level | B13: Test Cases | C13: % of Total | D13: Status | E13: Test Cases | F13: % of Total | G13: Executed By | I13: Assigned | J13: Executed | K13: Execution % | L13: Pending
A14: Critical | B14: =COUNTIF('Test Cases'!$N$2:$N$501,A14) -> 0 | C14: =IF($A$5=0,0,B14/$A$5) -> 0 | D14: Pass | E14: =COUNTIF('Test Cases'!$I$2:$I$501,D14) -> 4 | F14: =IF($A$5=0,0,E14/$A$5) -> 0.66666667 | G14: Aishwarya | I14: =IF(G14="","",COUNTIF('Test Cases'!$U$2:$U$501,G14)) -> 6 | J14: =IF(G14="","",COUNTIFS('Test Cases'!$U$2:$U$501,G14,'Test Cases'!$I$2:$I$501,"<>Not Run")-COUNTIFS('Test Cases'!$U$2:$U$501,G14,'Test Cases'!$I$2:$I$501,"")) -> 6 | K14: =IF(OR(G14="",I14=0),"",J14/I14) -> 1 | L14: =IF(G14="","",I14-J14) -> 0
A15: High | B15: =COUNTIF('Test Cases'!$N$2:$N$501,A15) -> 0 | C15: =IF($A$5=0,0,B15/$A$5) -> 0 | D15: Fail | E15: =COUNTIF('Test Cases'!$I$2:$I$501,D15) -> 0 | F15: =IF($A$5=0,0,E15/$A$5) -> 0 | I15: =IF(G15="","",COUNTIF('Test Cases'!$U$2:$U$501,G15)) | J15: =IF(G15="","",COUNTIFS('Test Cases'!$U$2:$U$501,G15,'Test Cases'!$I$2:$I$501,"<>Not Run")-COUNTIFS('Test Cases'!$U$2:$U$501,G15,'Test Cases'!$I$2:$I$501,"")) | K15: =IF(OR(G15="",I15=0),"",J15/I15) | L15: =IF(G15="","",I15-J15)
A16: Medium | B16: =COUNTIF('Test Cases'!$N$2:$N$501,A16) -> 0 | C16: =IF($A$5=0,0,B16/$A$5) -> 0 | D16: Blocked | E16: =COUNTIF('Test Cases'!$I$2:$I$501,D16) -> 0 | F16: =IF($A$5=0,0,E16/$A$5) -> 0 | I16: =IF(G16="","",COUNTIF('Test Cases'!$U$2:$U$501,G16)) | J16: =IF(G16="","",COUNTIFS('Test Cases'!$U$2:$U$501,G16,'Test Cases'!$I$2:$I$501,"<>Not Run")-COUNTIFS('Test Cases'!$U$2:$U$501,G16,'Test Cases'!$I$2:$I$501,"")) | K16: =IF(OR(G16="",I16=0),"",J16/I16) | L16: =IF(G16="","",I16-J16)
A17: Low | B17: =COUNTIF('Test Cases'!$N$2:$N$501,A17) -> 6 | C17: =IF($A$5=0,0,B17/$A$5) -> 1 | D17: Not Run | E17: =COUNTIF('Test Cases'!$I$2:$I$501,D17) -> 0 | F17: =IF($A$5=0,0,E17/$A$5) -> 0 | I17: =IF(G17="","",COUNTIF('Test Cases'!$U$2:$U$501,G17)) | J17: =IF(G17="","",COUNTIFS('Test Cases'!$U$2:$U$501,G17,'Test Cases'!$I$2:$I$501,"<>Not Run")-COUNTIFS('Test Cases'!$U$2:$U$501,G17,'Test Cases'!$I$2:$I$501,"")) | K17: =IF(OR(G17="",I17=0),"",J17/I17) | L17: =IF(G17="","",I17-J17)
A18: Total | B18: =SUM(B14:B17) -> 6 | C18: =SUM(C14:C17) -> 1 | D18: Not Applicable | E18: =COUNTIF('Test Cases'!$I$2:$I$501,D18) -> 0 | F18: =IF($A$5=0,0,E18/$A$5) -> 0 | I18: =IF(G18="","",COUNTIF('Test Cases'!$U$2:$U$501,G18)) | J18: =IF(G18="","",COUNTIFS('Test Cases'!$U$2:$U$501,G18,'Test Cases'!$I$2:$I$501,"<>Not Run")-COUNTIFS('Test Cases'!$U$2:$U$501,G18,'Test Cases'!$I$2:$I$501,"")) | K18: =IF(OR(G18="",I18=0),"",J18/I18) | L18: =IF(G18="","",I18-J18)
D19: Invalid | E19: =COUNTIF('Test Cases'!$I$2:$I$501,D19) -> 2 | F19: =IF($A$5=0,0,E19/$A$5) -> 0.33333333 | I19: =IF(G19="","",COUNTIF('Test Cases'!$U$2:$U$501,G19)) | J19: =IF(G19="","",COUNTIFS('Test Cases'!$U$2:$U$501,G19,'Test Cases'!$I$2:$I$501,"<>Not Run")-COUNTIFS('Test Cases'!$U$2:$U$501,G19,'Test Cases'!$I$2:$I$501,"")) | K19: =IF(OR(G19="",I19=0),"",J19/I19) | L19: =IF(G19="","",I19-J19)
A20: Total | E20: =SUM(E14:E19) -> 6 | F20: =SUM(F14:F19) -> 1 | I20: =IF(G20="","",COUNTIF('Test Cases'!$U$2:$U$501,G20)) | J20: =IF(G20="","",COUNTIFS('Test Cases'!$U$2:$U$501,G20,'Test Cases'!$I$2:$I$501,"<>Not Run")-COUNTIFS('Test Cases'!$U$2:$U$501,G20,'Test Cases'!$I$2:$I$501,"")) | K20: =IF(OR(G20="",I20=0),"",J20/I20) | L20: =IF(G20="","",I20-J20)
I21: =IF(G21="","",COUNTIF('Test Cases'!$U$2:$U$501,G21)) | J21: =IF(G21="","",COUNTIFS('Test Cases'!$U$2:$U$501,G21,'Test Cases'!$I$2:$I$501,"<>Not Run")-COUNTIFS('Test Cases'!$U$2:$U$501,G21,'Test Cases'!$I$2:$I$501,"")) | K21: =IF(OR(G21="",I21=0),"",J21/I21) | L21: =IF(G21="","",I21-J21)
I22: =IF(G22="","",COUNTIF('Test Cases'!$U$2:$U$501,G22)) | J22: =IF(G22="","",COUNTIFS('Test Cases'!$U$2:$U$501,G22,'Test Cases'!$I$2:$I$501,"<>Not Run")-COUNTIFS('Test Cases'!$U$2:$U$501,G22,'Test Cases'!$I$2:$I$501,"")) | K22: =IF(OR(G22="",I22=0),"",J22/I22) | L22: =IF(G22="","",I22-J22)
G23: Total | I23: =SUM(I14:I22) -> 6 | J23: =SUM(J14:J22) -> 6 | K23: =IF(I23=0,"",J23/I23) -> 1 | L23: =SUM(L14:L22) -> 0
A25: Test Cases by Risk Level | G25: Test Execution Status
A43: Definitions & Notes
A44: Execution % = (Passed + Failed + Blocked) ÷ Total Test Cases. Pass % = Passed ÷ (Passed + Failed + Blocked).
A45: Risk Score = Impact (Low 1 … Critical 4) × Likelihood (Rare 1 … Almost Certain 5). Risk Level: Critical ≥ 12, High 8–11, Medium 4–7, Low < 4.
A46: Priority follows Risk Level: Critical = P1, High = P2, Medium = P3, Low = P4. High / Critical Risk counts P1 + P2 test cases.
A47: All figures are calculated live from the 'Test Cases' sheet (rows 2–501). Enter tester names in the shaded 'Executed By' cells above (up to 9); enter Project / Release in the shaded field at the top.

Sheet Test Cases
A1: Test Case ID | B1: Module / Feature | C1: Requirement ID / User Story | D1: Test Case Description | E1: Test Type | F1: Test Steps | G1: Expected Result | H1: Actual Result | I1: Status | J1: Business Criticality (Business importance) | K1: Impact (Business/customer impact) | L1: Likelihood (Probability of failure) | M1: Risk Score (Impact * Likelihood) | N1: Risk Level (Risk if functionality fails) | O1: Priority (Execution priority) | P1: Scope Category | Q1: Automation Candidate | R1: Regression Candidate | S1: Environment | T1: Defect ID | U1: Executed By | V1: Execution Date | W1: Remarks
A2: RLC_CS_008 | B2: Campaign Summary | C2: TS: Campaign Summary | D2: Verify campaign chronological ordering. | E2: UI | F2: 1. Precondition: at least three campaigns with different creation dates exist. 2. Navigate to https://192.168.2.80:8443 and log in as AA (102186). 3. Click Recruitment Leads Mgmt > Campaign Management. 4. Note the order of campaigns in the list. 5. Verify campaigns are displayed in the required chronological (date) order. | G2: Campaigns are displayed in the required chronological order. | H2: Campaigns are displayed in the required chronological order. | I2: Pass | J2: Low | K2: Low | L2: Unlikely | M2: =IF(OR(K2="",L2=""),"",MATCH(K2,Lists!$C$2:$C$5,0)*MATCH(L2,Lists!$D$2:$D$6,0)) -> 2 | N2: =IF(M2="","",IF(M2>=12,"Critical",IF(M2>=8,"High",IF(M2>=4,"Medium","Low")))) -> Low | O2: =IF(N2="","",IF(N2="Critical","P1",IF(N2="High","P2",IF(N2="Medium","P3","P4")))) -> P4 | P2: Optional | Q2: Yes | R2: No | S2: UAT | U2: Aishwarya | V2: 46296
A3: RLC_DM_006 | B3: Document Management | C3: TS: Document Management | D3: Verify document viewing without download. | E3: Functional | F3: 1. Precondition: a document has been uploaded for a lead. 2. Navigate to https://192.168.2.80:8443 and log in as HOB/AH (102117). 3. Click Recruitment Leads Mgmt and select a campaign in Ongoing status assigned to branch WD01. 4. Open the lead and click the view (eye) icon of the document. 5. Check whether a download option is available. 6. Verify the document can be viewed and download is not offered (download is not supported). | G3: Documents can be viewed; document download is not expected as supported functionality. | H3: Documents can be viewed; document download is not expected as supported functionality. | I3: Pass | J3: Low | K3: Low | L3: Unlikely | M3: =IF(OR(K3="",L3=""),"",MATCH(K3,Lists!$C$2:$C$5,0)*MATCH(L3,Lists!$D$2:$D$6,0)) -> 2 | N3: =IF(M3="","",IF(M3>=12,"Critical",IF(M3>=8,"High",IF(M3>=4,"Medium","Low")))) -> Low | O3: =IF(N3="","",IF(N3="Critical","P1",IF(N3="High","P2",IF(N3="Medium","P3","P4")))) -> P4 | P3: Optional | Q3: Yes | R3: No | S3: UAT | U3: Aishwarya | V3: 46296
A4: RLC_BL_003 | B4: Blacklisting | C4: TS: Blacklisting Upload & View | D4: Verify blacklist upload instructions. | E4: UI | F4: 1. Navigate to https://192.168.2.80:8443 and log in as Agency Admin (102186) 2. Click the Blacklisting card 3. Review the Upload Blacklisting section 4. Verify the applicable blacklist upload instructions are displayed | G4: Applicable blacklist upload instructions are displayed. | H4: Applicable blacklist upload instructions are displayed. | I4: Pass | J4: Low | K4: Low | L4: Rare | M4: =IF(OR(K4="",L4=""),"",MATCH(K4,Lists!$C$2:$C$5,0)*MATCH(L4,Lists!$D$2:$D$6,0)) -> 1 | N4: =IF(M4="","",IF(M4>=12,"Critical",IF(M4>=8,"High",IF(M4>=4,"Medium","Low")))) -> Low | O4: =IF(N4="","",IF(N4="Critical","P1",IF(N4="High","P2",IF(N4="Medium","P3","P4")))) -> P4 | P4: Optional | Q4: Yes | R4: No | S4: UAT | U4: Aishwarya | V4: 46296
A5: RLC_GV_007 | B5: General Validation | C5: TS: General Validations – UI Consistency | D5: Verify Campaign Cost/Budget terminology. | E5: UI | F5: 1. Navigate to https://192.168.2.80:8443 and log in as Agency Admin (102186) 2. Click Recruitment Leads Mgmt > Campaign Management and click '+' 3. Note the Cost/Budget label on the create form 4. Check the same label on the edit form, campaign list and campaign summary 5. Verify Campaign Cost/Budget terminology is consistent across applicable screens | G5: Campaign Cost/Budget terminology is consistent with the implemented requirement across applicable screens. | H5: Campaign Cost/Budget terminology is consistent with the implemented requirement across applicable screens. | I5: Pass | J5: Low | K5: Low | L5: Rare | M5: =IF(OR(K5="",L5=""),"",MATCH(K5,Lists!$C$2:$C$5,0)*MATCH(L5,Lists!$D$2:$D$6,0)) -> 1 | N5: =IF(M5="","",IF(M5>=12,"Critical",IF(M5>=8,"High",IF(M5>=4,"Medium","Low")))) -> Low | O5: =IF(N5="","",IF(N5="Critical","P1",IF(N5="High","P2",IF(N5="Medium","P3","P4")))) -> P4 | P5: Optional | Q5: No | R5: No | S5: UAT | U5: Aishwarya | V5: 46296
A6: RLC_GV_011 | B6: General Validation | C6: TS: Document Management – Multi-language | D6: Verify multi-language document scope. | E6: Functional | F6: 1. Navigate to https://192.168.2.80:8443 and log in as Agency Admin (102186) 2. Open the document upload/view area 3. Upload/view a Sinhala or Tamil document 4. Verify multi-language document rendering/download is not treated as an expected functional requirement | G6: Multi-language document rendering/download is not treated as an expected functional requirement. | H6: Not executed: Marked 'Not in scope' by ASPL in the test scenario document; there is no functional behaviour to automate. | I6: Invalid | J6: Low | K6: Low | L6: Rare | M6: =IF(OR(K6="",L6=""),"",MATCH(K6,Lists!$C$2:$C$5,0)*MATCH(L6,Lists!$D$2:$D$6,0)) -> 1 | N6: =IF(M6="","",IF(M6>=12,"Critical",IF(M6>=8,"High",IF(M6>=4,"Medium","Low")))) -> Low | O6: =IF(N6="","",IF(N6="Critical","P1",IF(N6="High","P2",IF(N6="Medium","P3","P4")))) -> P4 | P6: Out of Scope | Q6: No | R6: No | S6: UAT | U6: Aishwarya | V6: 46296
A7: RLC_GV_012 | B7: General Validation | C7: TS: User Wise – Marketing/AA | D7: Verify annual NIC data cleansing scope. | E7: Functional | F7: 1. Navigate to https://192.168.2.80:8443 and log in as Agency Admin (102186) 2. Review the available lead/NIC maintenance functions 3. Check whether any annual NIC data cleansing option or job is exposed 4. Verify annual NIC data cleansing is not treated as an in-scope test expectation | G7: Annual data cleansing for existing NIC is not treated as an in-scope functional test expectation. | H7: Not executed: Marked 'Not in scope' by ASPL in the test scenario document; there is no functional behaviour to automate. | I7: Invalid | J7: Low | K7: Low | L7: Rare | M7: =IF(OR(K7="",L7=""),"",MATCH(K7,Lists!$C$2:$C$5,0)*MATCH(L7,Lists!$D$2:$D$6,0)) -> 1 | N7: =IF(M7="","",IF(M7>=12,"Critical",IF(M7>=8,"High",IF(M7>=4,"Medium","Low")))) -> Low | O7: =IF(N7="","",IF(N7="Critical","P1",IF(N7="High","P2",IF(N7="Medium","P3","P4")))) -> P4 | P7: Out of Scope | Q7: No | R7: No | S7: UAT | U7: Aishwarya | V7: 46296
M8: =IF(OR(K8="",L8=""),"",MATCH(K8,Lists!$C$2:$C$5,0)*MATCH(L8,Lists!$D$2:$D$6,0)) | N8: =IF(M8="","",IF(M8>=12,"Critical",IF(M8>=8,"High",IF(M8>=4,"Medium","Low")))) | O8: =IF(N8="","",IF(N8="Critical","P1",IF(N8="High","P2",IF(N8="Medium","P3","P4"))))
M9: =IF(OR(K9="",L9=""),"",MATCH(K9,Lists!$C$2:$C$5,0)*MATCH(L9,Lists!$D$2:$D$6,0)) | N9: =IF(M9="","",IF(M9>=12,"Critical",IF(M9>=8,"High",IF(M9>=4,"Medium","Low")))) | O9: =IF(N9="","",IF(N9="Critical","P1",IF(N9="High","P2",IF(N9="Medium","P3","P4"))))
M10: =IF(OR(K10="",L10=""),"",MATCH(K10,Lists!$C$2:$C$5,0)*MATCH(L10,Lists!$D$2:$D$6,0)) | N10: =IF(M10="","",IF(M10>=12,"Critical",IF(M10>=8,"High",IF(M10>=4,"Medium","Low")))) | O10: =IF(N10="","",IF(N10="Critical","P1",IF(N10="High","P2",IF(N10="Medium","P3","P4"))))
M11: =IF(OR(K11="",L11=""),"",MATCH(K11,Lists!$C$2:$C$5,0)*MATCH(L11,Lists!$D$2:$D$6,0)) | N11: =IF(M11="","",IF(M11>=12,"Critical",IF(M11>=8,"High",IF(M11>=4,"Medium","Low")))) | O11: =IF(N11="","",IF(N11="Critical","P1",IF(N11="High","P2",IF(N11="Medium","P3","P4"))))
M12: =IF(OR(K12="",L12=""),"",MATCH(K12,Lists!$C$2:$C$5,0)*MATCH(L12,Lists!$D$2:$D$6,0)) | N12: =IF(M12="","",IF(M12>=12,"Critical",IF(M12>=8,"High",IF(M12>=4,"Medium","Low")))) | O12: =IF(N12="","",IF(N12="Critical","P1",IF(N12="High","P2",IF(N12="Medium","P3","P4"))))
M13: =IF(OR(K13="",L13=""),"",MATCH(K13,Lists!$C$2:$C$5,0)*MATCH(L13,Lists!$D$2:$D$6,0)) | N13: =IF(M13="","",IF(M13>=12,"Critical",IF(M13>=8,"High",IF(M13>=4,"Medium","Low")))) | O13: =IF(N13="","",IF(N13="Critical","P1",IF(N13="High","P2",IF(N13="Medium","P3","P4"))))
M14: =IF(OR(K14="",L14=""),"",MATCH(K14,Lists!$C$2:$C$5,0)*MATCH(L14,Lists!$D$2:$D$6,0)) | N14: =IF(M14="","",IF(M14>=12,"Critical",IF(M14>=8,"High",IF(M14>=4,"Medium","Low")))) | O14: =IF(N14="","",IF(N14="Critical","P1",IF(N14="High","P2",IF(N14="Medium","P3","P4"))))
M15: =IF(OR(K15="",L15=""),"",MATCH(K15,Lists!$C$2:$C$5,0)*MATCH(L15,Lists!$D$2:$D$6,0)) | N15: =IF(M15="","",IF(M15>=12,"Critical",IF(M15>=8,"High",IF(M15>=4,"Medium","Low")))) | O15: =IF(N15="","",IF(N15="Critical","P1",IF(N15="High","P2",IF(N15="Medium","P3","P4"))))
M16: =IF(OR(K16="",L16=""),"",MATCH(K16,Lists!$C$2:$C$5,0)*MATCH(L16,Lists!$D$2:$D$6,0)) | N16: =IF(M16="","",IF(M16>=12,"Critical",IF(M16>=8,"High",IF(M16>=4,"Medium","Low")))) | O16: =IF(N16="","",IF(N16="Critical","P1",IF(N16="High","P2",IF(N16="Medium","P3","P4"))))
M17: =IF(OR(K17="",L17=""),"",MATCH(K17,Lists!$C$2:$C$5,0)*MATCH(L17,Lists!$D$2:$D$6,0)) | N17: =IF(M17="","",IF(M17>=12,"Critical",IF(M17>=8,"High",IF(M17>=4,"Medium","Low")))) | O17: =IF(N17="","",IF(N17="Critical","P1",IF(N17="High","P2",IF(N17="Medium","P3","P4"))))
M18: =IF(OR(K18="",L18=""),"",MATCH(K18,Lists!$C$2:$C$5,0)*MATCH(L18,Lists!$D$2:$D$6,0)) | N18: =IF(M18="","",IF(M18>=12,"Critical",IF(M18>=8,"High",IF(M18>=4,"Medium","Low")))) | O18: =IF(N18="","",IF(N18="Critical","P1",IF(N18="High","P2",IF(N18="Medium","P3","P4"))))
M19: =IF(OR(K19="",L19=""),"",MATCH(K19,Lists!$C$2:$C$5,0)*MATCH(L19,Lists!$D$2:$D$6,0)) | N19: =IF(M19="","",IF(M19>=12,"Critical",IF(M19>=8,"High",IF(M19>=4,"Medium","Low")))) | O19: =IF(N19="","",IF(N19="Critical","P1",IF(N19="High","P2",IF(N19="Medium","P3","P4"))))
... M501: =IF(OR(K501="",L501=""),"",MATCH(K501,Lists!$C$2:$C$5,0)*MATCH(L501,Lists!$D$2:$D$6,0)) | N501: =IF(M501="","",IF(M501>=12,"Critical",IF(M501>=8,"High",IF(M501>=4,"Medium","Low")))) | O501: =IF(N501="","",IF(N501="Critical","P1",IF(N501="High","P2",IF(N501="Medium","P3","P4"))))

Sheet Lists
A1: Test Type | B1: Business Criticality | C1: Impact | D1: Likelihood | E1: Scope Category | F1: Status | G1: Priority | H1: Yes/No | I1: Environment | J1: Release | K1: Requirement Type
A2: Functional | B2: Low | C2: Low | D2: Rare | E2: Core | F2: Not Run | G2: P1 | H2: Yes | I2: DEV | J2: Release 1 | K2: Functional
A3: Regression | B3: Medium | C3: Medium | D3: Unlikely | E3: Impacted | F3: Pass | G3: P2 | H3: No | I3: QA | J3: Release 2 | K3: Non-Functional
A4: Integration | B4: High | C4: High | D4: Possible | E4: Regression | F4: Fail | G4: P3 | I4: UAT | J4: Release 3 | K4: Technical
A5: API | B5: Critical | C5: Critical | D5: Likely | E5: Integration | F5: Blocked | G5: P4 | I5: Production | K5: Business
A6: UI | D6: Almost Certain | E6: Security | F6: Not Applicable
A7: Mobile | E7: Performance | F7: Invalid
A8: Performance | E8: Optional
A9: Security | E9: Out of Scope
A10: UAT
A11: Smoke
A12: Sanity
A21: Note: Scope category descriptions
A22: Core – Mandatory functionality
A23: Impacted – Directly affected by the change
A24: Regression – Existing functionality potentially affected
A25: Integration – External/system integration
A26: Security – Security-sensitive functionality
A27: Performance – Performance-sensitive functionality
A28: Optional – Lower-priority validation
A29: Out of Scope – Explicitly excluded with justification
A31: Testcase column color code
B32: Manual Entry
B33: Dropdown Selection
B34: Values Based on Calculation
